{
    "accuracy": 0.78748370273794,
    "precision_macro": 0.7001632009175752,
    "recall_macro": 0.7283173240421025,
    "f1_macro": 0.7113364416518008,
    "precision_weighted": 0.8031294593590999,
    "recall_weighted": 0.78748370273794,
    "f1_weighted": 0.7924778961305562,
    "per_class": {
        "Surprise": {
            "precision": 0.7506631299734748,
            "recall": 0.8601823708206687,
            "f1": 0.8016997167138811
        },
        "Fear": {
            "precision": 0.6119402985074627,
            "recall": 0.5540540540540541,
            "f1": 0.5815602836879432
        },
        "Disgust": {
            "precision": 0.43349753694581283,
            "recall": 0.55,
            "f1": 0.48484848484848486
        },
        "Happiness": {
            "precision": 0.9591439688715954,
            "recall": 0.8320675105485232,
            "f1": 0.8910980569362856
        },
        "Sadness": {
            "precision": 0.7515151515151515,
            "recall": 0.7782426778242678,
            "f1": 0.7646454265159301
        },
        "Anger": {
            "precision": 0.6594594594594595,
            "recall": 0.7530864197530864,
            "f1": 0.7031700288184438
        },
        "Neutral": {
            "precision": 0.7349228611500701,
            "recall": 0.7705882352941177,
            "f1": 0.7523330940416367
        }
    },
    "confusion_matrix": [
        [
            283,
            9,
            9,
            2,
            3,
            11,
            12
        ],
        [
            11,
            41,
            2,
            4,
            6,
            6,
            4
        ],
        [
            5,
            3,
            88,
            4,
            16,
            17,
            27
        ],
        [
            24,
            5,
            37,
            986,
            27,
            12,
            94
        ],
        [
            12,
            4,
            19,
            17,
            372,
            8,
            46
        ],
        [
            6,
            4,
            13,
            4,
            7,
            122,
            6
        ],
        [
            36,
            1,
            35,
            11,
            64,
            9,
            524
        ]
    ]
}