{
    "accuracy": 0.4772917247144051,
    "precision_macro": 0.42386190995639106,
    "recall_macro": 0.4488582090106177,
    "f1_macro": 0.4004943395301798,
    "precision_weighted": 0.503317460992154,
    "recall_weighted": 0.4772917247144051,
    "f1_weighted": 0.46816588315842544,
    "per_class": {
        "Surprise": {
            "precision": 0.41125541125541126,
            "recall": 0.8002406738868832,
            "f1": 0.5433006535947712
        },
        "Fear": {
            "precision": 0.31444759206798867,
            "recall": 0.1083984375,
            "f1": 0.16122004357298475
        },
        "Disgust": {
            "precision": 0.07992202729044834,
            "recall": 0.36936936936936937,
            "f1": 0.13141025641025642
        },
        "Happiness": {
            "precision": 0.7708462013588635,
            "recall": 0.7034949267192785,
            "f1": 0.735632183908046
        },
        "Sadness": {
            "precision": 0.4020979020979021,
            "recall": 0.4611066559743384,
            "f1": 0.4295853567426223
        },
        "Anger": {
            "precision": 0.5362903225806451,
            "recall": 0.2776617954070981,
            "f1": 0.3658872077028886
        },
        "Neutral": {
            "precision": 0.45217391304347826,
            "recall": 0.42173560421735606,
            "f1": 0.4364246747796895
        }
    },
    "confusion_matrix": [
        [
            665,
            45,
            6,
            53,
            21,
            16,
            25
        ],
        [
            282,
            111,
            71,
            60,
            290,
            76,
            134
        ],
        [
            6,
            6,
            41,
            11,
            26,
            21,
            0
        ],
        [
            150,
            81,
            66,
            1248,
            107,
            49,
            73
        ],
        [
            142,
            29,
            105,
            78,
            575,
            40,
            278
        ],
        [
            171,
            56,
            125,
            44,
            176,
            266,
            120
        ],
        [
            201,
            25,
            99,
            125,
            235,
            28,
            520
        ]
    ]
}